run_id,date,who,what_changed,main_metric,value,seed,notes,stage,model,n_features,n_train,n_test
R001,2026-09-12,Naman,size_only / global_mean,MAE,11.1051,0,"RMSE 13.564, R2 -0.0001, MAE exterior 10.239 / interior 13.401",size_only,global_mean,2,31441,7861
R002,2026-09-12,Naman,size_only / size_mean,MAE,8.8168,0,"RMSE 10.818, R2 0.3638, MAE exterior 7.172 / interior 13.179",size_only,size_mean,2,31441,7861
R003,2026-09-12,Naman,planning / size_mean,MAE,5.8593,0,"RMSE 7.244, R2 0.7147, MAE exterior 5.850 / interior 5.884",planning,size_mean,3,31441,7861
R004,2026-09-12,Naman,planning / linear,MAE,5.8591,0,"RMSE 7.245, R2 0.7147, MAE exterior 5.849 / interior 5.885",planning,linear,3,31441,7861
R005,2026-09-12,Naman,planning / gbm,MAE,5.8599,0,"RMSE 7.246, R2 0.7146, MAE exterior 5.852 / interior 5.882",planning,gbm,3,31441,7861
R006,2026-09-12,Naman,onsite / size_mean,MAE,2.3915,0,"RMSE 2.982, R2 0.9517, MAE exterior 2.377 / interior 2.429",onsite,size_mean,6,31441,7861
R007,2026-09-12,Naman,onsite / linear,MAE,2.39,0,"RMSE 2.981, R2 0.9517, MAE exterior 2.376 / interior 2.426",onsite,linear,6,31441,7861
R008,2026-09-12,Naman,onsite / gbm,MAE,2.3914,0,"RMSE 2.982, R2 0.9517, MAE exterior 2.377 / interior 2.428",onsite,gbm,6,31441,7861
R009,2026-09-12,Naman,size_only / global_mean,MAE,11.0965,1,"RMSE 13.573, R2 -0.0000, MAE exterior 10.105 / interior 13.695",size_only,global_mean,2,31441,7861
R010,2026-09-12,Naman,size_only / size_mean,MAE,8.8506,1,"RMSE 10.849, R2 0.3611, MAE exterior 7.234 / interior 13.087",size_only,size_mean,2,31441,7861
R011,2026-09-12,Naman,planning / size_mean,MAE,5.9101,1,"RMSE 7.282, R2 0.7121, MAE exterior 5.867 / interior 6.023",planning,size_mean,3,31441,7861
R012,2026-09-12,Naman,planning / linear,MAE,5.9107,1,"RMSE 7.283, R2 0.7121, MAE exterior 5.866 / interior 6.028",planning,linear,3,31441,7861
R013,2026-09-12,Naman,planning / gbm,MAE,5.9097,1,"RMSE 7.283, R2 0.7121, MAE exterior 5.866 / interior 6.024",planning,gbm,3,31441,7861
R014,2026-09-12,Naman,onsite / size_mean,MAE,2.414,1,"RMSE 3.023, R2 0.9504, MAE exterior 2.395 / interior 2.463",onsite,size_mean,6,31441,7861
R015,2026-09-12,Naman,onsite / linear,MAE,2.4134,1,"RMSE 3.023, R2 0.9504, MAE exterior 2.396 / interior 2.460",onsite,linear,6,31441,7861
R016,2026-09-12,Naman,onsite / gbm,MAE,2.4143,1,"RMSE 3.023, R2 0.9504, MAE exterior 2.396 / interior 2.463",onsite,gbm,6,31441,7861
R017,2026-09-12,Naman,size_only / global_mean,MAE,11.1488,2,"RMSE 13.602, R2 -0.0002, MAE exterior 10.177 / interior 13.636",size_only,global_mean,2,31441,7861
R018,2026-09-12,Naman,size_only / size_mean,MAE,8.8893,2,"RMSE 10.884, R2 0.3595, MAE exterior 7.193 / interior 13.231",size_only,size_mean,2,31441,7861
R019,2026-09-12,Naman,planning / size_mean,MAE,5.9091,2,"RMSE 7.294, R2 0.7124, MAE exterior 5.870 / interior 6.008",planning,size_mean,3,31441,7861
R020,2026-09-12,Naman,planning / linear,MAE,5.9097,2,"RMSE 7.294, R2 0.7123, MAE exterior 5.871 / interior 6.008",planning,linear,3,31441,7861
R021,2026-09-12,Naman,planning / gbm,MAE,5.9088,2,"RMSE 7.294, R2 0.7124, MAE exterior 5.870 / interior 6.007",planning,gbm,3,31441,7861
R022,2026-09-12,Naman,onsite / size_mean,MAE,2.375,2,"RMSE 2.978, R2 0.9520, MAE exterior 2.354 / interior 2.430",onsite,size_mean,6,31441,7861
R023,2026-09-12,Naman,onsite / linear,MAE,2.3742,2,"RMSE 2.978, R2 0.9521, MAE exterior 2.353 / interior 2.427",onsite,linear,6,31441,7861
R024,2026-09-12,Naman,onsite / gbm,MAE,2.3751,2,"RMSE 2.978, R2 0.9521, MAE exterior 2.354 / interior 2.429",onsite,gbm,6,31441,7861
R025,2026-09-12,Naman,size_only / global_mean,MAE,11.1898,3,"RMSE 13.585, R2 -0.0001, MAE exterior 10.261 / interior 13.615",size_only,global_mean,2,31441,7861
R026,2026-09-12,Naman,size_only / size_mean,MAE,8.9528,3,"RMSE 10.908, R2 0.3552, MAE exterior 7.303 / interior 13.263",size_only,size_mean,2,31441,7861
R027,2026-09-12,Naman,planning / size_mean,MAE,5.8593,3,"RMSE 7.238, R2 0.7161, MAE exterior 5.853 / interior 5.875",planning,size_mean,3,31441,7861
R028,2026-09-12,Naman,planning / linear,MAE,5.8603,3,"RMSE 7.239, R2 0.7160, MAE exterior 5.855 / interior 5.875",planning,linear,3,31441,7861
R029,2026-09-12,Naman,planning / gbm,MAE,5.8581,3,"RMSE 7.238, R2 0.7161, MAE exterior 5.852 / interior 5.873",planning,gbm,3,31441,7861
R030,2026-09-12,Naman,onsite / size_mean,MAE,2.3964,3,"RMSE 2.992, R2 0.9515, MAE exterior 2.390 / interior 2.414",onsite,size_mean,6,31441,7861
R031,2026-09-12,Naman,onsite / linear,MAE,2.3957,3,"RMSE 2.991, R2 0.9515, MAE exterior 2.389 / interior 2.412",onsite,linear,6,31441,7861
R032,2026-09-12,Naman,onsite / gbm,MAE,2.3964,3,"RMSE 2.992, R2 0.9515, MAE exterior 2.389 / interior 2.415",onsite,gbm,6,31441,7861
R033,2026-09-12,Naman,size_only / global_mean,MAE,11.0785,4,"RMSE 13.530, R2 -0.0000, MAE exterior 10.155 / interior 13.472",size_only,global_mean,2,31441,7861
R034,2026-09-12,Naman,size_only / size_mean,MAE,8.8658,4,"RMSE 10.856, R2 0.3562, MAE exterior 7.240 / interior 13.078",size_only,size_mean,2,31441,7861
R035,2026-09-12,Naman,planning / size_mean,MAE,5.9191,4,"RMSE 7.283, R2 0.7103, MAE exterior 5.933 / interior 5.884",planning,size_mean,3,31441,7861
R036,2026-09-12,Naman,planning / linear,MAE,5.9188,4,"RMSE 7.283, R2 0.7103, MAE exterior 5.932 / interior 5.885",planning,linear,3,31441,7861
R037,2026-09-12,Naman,planning / gbm,MAE,5.9189,4,"RMSE 7.283, R2 0.7103, MAE exterior 5.933 / interior 5.882",planning,gbm,3,31441,7861
R038,2026-09-12,Naman,onsite / size_mean,MAE,2.4046,4,"RMSE 3.011, R2 0.9505, MAE exterior 2.397 / interior 2.424",onsite,size_mean,6,31441,7861
R039,2026-09-12,Naman,onsite / linear,MAE,2.4036,4,"RMSE 3.010, R2 0.9505, MAE exterior 2.396 / interior 2.422",onsite,linear,6,31441,7861
R040,2026-09-12,Naman,onsite / gbm,MAE,2.4048,4,"RMSE 3.011, R2 0.9505, MAE exterior 2.398 / interior 2.424",onsite,gbm,6,31441,7861
R041,2026-09-12,Naman,size_only / global_mean,MAE,11.2177,5,"RMSE 13.692, R2 -0.0001, MAE exterior 10.220 / interior 13.796",size_only,global_mean,2,31441,7861
R042,2026-09-12,Naman,size_only / size_mean,MAE,8.9302,5,"RMSE 10.911, R2 0.3649, MAE exterior 7.280 / interior 13.192",size_only,size_mean,2,31441,7861
R043,2026-09-12,Naman,planning / size_mean,MAE,5.8363,5,"RMSE 7.207, R2 0.7229, MAE exterior 5.828 / interior 5.856",planning,size_mean,3,31441,7861
R044,2026-09-12,Naman,planning / linear,MAE,5.8372,5,"RMSE 7.208, R2 0.7229, MAE exterior 5.828 / interior 5.861",planning,linear,3,31441,7861
R045,2026-09-12,Naman,planning / gbm,MAE,5.8354,5,"RMSE 7.207, R2 0.7229, MAE exterior 5.828 / interior 5.855",planning,gbm,3,31441,7861
R046,2026-09-12,Naman,onsite / size_mean,MAE,2.3945,5,"RMSE 2.994, R2 0.9522, MAE exterior 2.409 / interior 2.357",onsite,size_mean,6,31441,7861
R047,2026-09-12,Naman,onsite / linear,MAE,2.3947,5,"RMSE 2.994, R2 0.9522, MAE exterior 2.409 / interior 2.357",onsite,linear,6,31441,7861
R048,2026-09-12,Naman,onsite / gbm,MAE,2.3948,5,"RMSE 2.994, R2 0.9522, MAE exterior 2.409 / interior 2.357",onsite,gbm,6,31441,7861
R049,2026-09-12,Naman,size_only / global_mean,MAE,11.063,6,"RMSE 13.573, R2 -0.0001, MAE exterior 10.003 / interior 13.769",size_only,global_mean,2,31441,7861
R050,2026-09-12,Naman,size_only / size_mean,MAE,8.988,6,"RMSE 10.986, R2 0.3449, MAE exterior 7.252 / interior 13.419",size_only,size_mean,2,31441,7861
R051,2026-09-12,Naman,planning / size_mean,MAE,5.8902,6,"RMSE 7.285, R2 0.7119, MAE exterior 5.881 / interior 5.913",planning,size_mean,3,31441,7861
R052,2026-09-12,Naman,planning / linear,MAE,5.8883,6,"RMSE 7.283, R2 0.7121, MAE exterior 5.878 / interior 5.913",planning,linear,3,31441,7861
R053,2026-09-12,Naman,planning / gbm,MAE,5.8905,6,"RMSE 7.285, R2 0.7119, MAE exterior 5.881 / interior 5.914",planning,gbm,3,31441,7861
R054,2026-09-12,Naman,onsite / size_mean,MAE,2.3968,6,"RMSE 2.997, R2 0.9513, MAE exterior 2.383 / interior 2.431",onsite,size_mean,6,31441,7861
R055,2026-09-12,Naman,onsite / linear,MAE,2.3961,6,"RMSE 2.997, R2 0.9513, MAE exterior 2.383 / interior 2.429",onsite,linear,6,31441,7861
R056,2026-09-12,Naman,onsite / gbm,MAE,2.3968,6,"RMSE 2.997, R2 0.9512, MAE exterior 2.383 / interior 2.432",onsite,gbm,6,31441,7861
R057,2026-09-12,Naman,size_only / global_mean,MAE,11.2261,7,"RMSE 13.778, R2 -0.0002, MAE exterior 10.158 / interior 13.946",size_only,global_mean,2,31441,7861
R058,2026-09-12,Naman,size_only / size_mean,MAE,8.9787,7,"RMSE 11.001, R2 0.3624, MAE exterior 7.249 / interior 13.381",size_only,size_mean,2,31441,7861
R059,2026-09-12,Naman,planning / size_mean,MAE,5.926,7,"RMSE 7.316, R2 0.7180, MAE exterior 5.911 / interior 5.965",planning,size_mean,3,31441,7861
R060,2026-09-12,Naman,planning / linear,MAE,5.9263,7,"RMSE 7.316, R2 0.7180, MAE exterior 5.911 / interior 5.965",planning,linear,3,31441,7861
R061,2026-09-12,Naman,planning / gbm,MAE,5.9261,7,"RMSE 7.316, R2 0.7180, MAE exterior 5.911 / interior 5.964",planning,gbm,3,31441,7861
R062,2026-09-12,Naman,onsite / size_mean,MAE,2.3994,7,"RMSE 3.004, R2 0.9525, MAE exterior 2.405 / interior 2.384",onsite,size_mean,6,31441,7861
R063,2026-09-12,Naman,onsite / linear,MAE,2.3999,7,"RMSE 3.004, R2 0.9525, MAE exterior 2.406 / interior 2.385",onsite,linear,6,31441,7861
R064,2026-09-12,Naman,onsite / gbm,MAE,2.3991,7,"RMSE 3.003, R2 0.9525, MAE exterior 2.405 / interior 2.384",onsite,gbm,6,31441,7861
R065,2026-09-12,Naman,size_only / global_mean,MAE,11.1772,8,"RMSE 13.650, R2 -0.0000, MAE exterior 10.200 / interior 13.651",size_only,global_mean,2,31441,7861
R066,2026-09-12,Naman,size_only / size_mean,MAE,8.9202,8,"RMSE 10.914, R2 0.3607, MAE exterior 7.253 / interior 13.141",size_only,size_mean,2,31441,7861
R067,2026-09-12,Naman,planning / size_mean,MAE,5.8908,8,"RMSE 7.252, R2 0.7177, MAE exterior 5.919 / interior 5.820",planning,size_mean,3,31441,7861
R068,2026-09-12,Naman,planning / linear,MAE,5.8913,8,"RMSE 7.254, R2 0.7176, MAE exterior 5.918 / interior 5.824",planning,linear,3,31441,7861
R069,2026-09-12,Naman,planning / gbm,MAE,5.8909,8,"RMSE 7.252, R2 0.7177, MAE exterior 5.919 / interior 5.819",planning,gbm,3,31441,7861
R070,2026-09-12,Naman,onsite / size_mean,MAE,2.3779,8,"RMSE 2.975, R2 0.9525, MAE exterior 2.373 / interior 2.389",onsite,size_mean,6,31441,7861
R071,2026-09-12,Naman,onsite / linear,MAE,2.3764,8,"RMSE 2.972, R2 0.9526, MAE exterior 2.373 / interior 2.385",onsite,linear,6,31441,7861
R072,2026-09-12,Naman,onsite / gbm,MAE,2.3786,8,"RMSE 2.975, R2 0.9525, MAE exterior 2.374 / interior 2.391",onsite,gbm,6,31441,7861
R073,2026-09-12,Naman,size_only / global_mean,MAE,11.2125,9,"RMSE 13.710, R2 -0.0002, MAE exterior 10.290 / interior 13.505",size_only,global_mean,2,31441,7861
R074,2026-09-12,Naman,size_only / size_mean,MAE,9.0265,9,"RMSE 11.016, R2 0.3543, MAE exterior 7.367 / interior 13.153",size_only,size_mean,2,31441,7861
R075,2026-09-12,Naman,planning / size_mean,MAE,5.966,9,"RMSE 7.360, R2 0.7118, MAE exterior 5.938 / interior 6.034",planning,size_mean,3,31441,7861
R076,2026-09-12,Naman,planning / linear,MAE,5.9661,9,"RMSE 7.361, R2 0.7117, MAE exterior 5.938 / interior 6.035",planning,linear,3,31441,7861
R077,2026-09-12,Naman,planning / gbm,MAE,5.9661,9,"RMSE 7.361, R2 0.7117, MAE exterior 5.939 / interior 6.034",planning,gbm,3,31441,7861
R078,2026-09-12,Naman,onsite / size_mean,MAE,2.4224,9,"RMSE 3.016, R2 0.9516, MAE exterior 2.432 / interior 2.398",onsite,size_mean,6,31441,7861
R079,2026-09-12,Naman,onsite / linear,MAE,2.4209,9,"RMSE 3.015, R2 0.9516, MAE exterior 2.432 / interior 2.394",onsite,linear,6,31441,7861
R080,2026-09-12,Naman,onsite / gbm,MAE,2.4227,9,"RMSE 3.017, R2 0.9516, MAE exterior 2.433 / interior 2.397",onsite,gbm,6,31441,7861
