date,total_bookings,no_shows,revenue,temp_c,rain_mm,condition,is_holiday,dow
2024-01-01,32,3,16562.0,13.8,0.0,clear,0,Mon
2024-01-02,33,0,17104.0,15.4,0.0,clear,0,Tue
2024-01-03,20,0,10774.0,12.2,3.4,rain,0,Wed
2024-01-04,38,1,19653.0,13.6,0.0,clear,0,Thu
2024-01-05,33,0,19153.0,14.1,0.0,clear,0,Fri
2024-01-06,61,0,39542.0,16.1,0.0,clear,0,Sat
2024-01-07,54,0,29737.0,15.4,0.0,clear,0,Sun
2024-01-08,38,1,21100.0,14.6,0.0,clear,0,Mon
2024-01-09,31,0,19508.0,17.1,0.0,clear,0,Tue
2024-01-10,13,1,6433.0,9.2,25.8,heavy_rain,0,Wed
2024-01-11,31,2,14764.0,15.2,0.0,clear,0,Thu
2024-01-12,39,0,17800.0,12.6,0.0,clear,0,Fri
2024-01-13,67,1,36921.0,12.6,0.0,clear,0,Sat
2024-01-14,52,3,34908.0,17.8,0.0,clear,0,Sun
2024-01-15,32,0,19103.0,12.6,0.0,clear,0,Mon
2024-01-16,30,1,16712.0,12.4,0.0,clear,0,Tue
2024-01-17,33,1,17755.0,15.4,0.0,clear,0,Wed
2024-01-18,32,1,18458.0,14.6,0.0,clear,0,Thu
2024-01-19,42,0,22094.0,12.9,0.0,clear,0,Fri
2024-01-20,66,0,41226.0,16.7,0.0,clear,0,Sat
2024-01-21,60,0,37469.0,15.0,0.0,clear,0,Sun
2024-01-22,31,1,16962.0,10.8,0.0,clear,0,Mon
2024-01-23,28,1,16417.0,9.7,0.0,clear,0,Tue
2024-01-24,32,3,16612.0,13.4,0.0,clear,0,Wed
2024-01-25,32,2,17860.0,15.3,0.0,clear,0,Thu
2024-01-26,33,0,19401.0,14.1,0.0,clear,1,Fri
2024-01-27,50,1,27768.0,15.7,17.4,rain,0,Sat
2024-01-28,55,1,30092.0,12.4,0.0,clear,0,Sun
2024-01-29,27,1,13069.0,11.1,0.0,clear,0,Mon
2024-01-30,33,1,19353.0,13.0,0.0,clear,0,Tue
2024-01-31,28,0,14561.0,17.5,0.0,clear,0,Wed
2024-02-01,36,3,16462.0,10.4,0.0,clear,0,Thu
2024-02-02,42,0,21046.0,15.7,0.0,clear,0,Fri
2024-02-03,69,2,39687.0,14.2,0.0,clear,0,Sat
2024-02-04,60,1,33555.0,14.0,0.0,clear,0,Sun
2024-02-05,32,1,17008.0,18.8,0.0,clear,0,Mon
2024-02-06,32,1,16506.0,14.6,0.0,clear,0,Tue
2024-02-07,35,1,19298.0,14.6,0.0,clear,0,Wed
2024-02-08,35,0,17403.0,14.5,0.0,clear,0,Thu
2024-02-09,42,2,22199.0,15.6,0.0,clear,0,Fri
2024-02-10,64,2,33608.0,15.6,0.0,clear,0,Sat
2024-02-11,58,1,35881.0,15.2,0.0,clear,0,Sun
2024-02-12,36,1,18959.0,17.4,0.0,clear,0,Mon
2024-02-13,35,1,20153.0,12.7,0.0,clear,0,Tue
2024-02-14,32,1,18556.0,16.3,0.0,clear,0,Wed
2024-02-15,36,1,20501.0,16.7,0.0,clear,0,Thu
2024-02-16,40,0,22042.0,14.3,0.0,clear,0,Fri
2024-02-17,71,2,41020.0,19.9,0.0,clear,0,Sat
2024-02-18,64,1,38397.0,12.2,0.0,clear,0,Sun
2024-02-19,41,1,21549.0,16.1,0.0,clear,0,Mon
2024-02-20,37,0,21800.0,17.6,0.0,clear,0,Tue
2024-02-21,31,1,18505.0,16.1,0.0,clear,0,Wed
2024-02-22,35,3,20205.0,16.5,0.0,clear,0,Thu
2024-02-23,43,1,21847.0,11.4,0.0,clear,0,Fri
2024-02-24,64,3,33891.0,14.3,0.0,clear,0,Sat
2024-02-25,50,4,29292.0,14.2,6.1,rain,0,Sun
2024-02-26,36,3,19102.0,19.8,0.0,clear,0,Mon
2024-02-27,37,2,18358.0,14.6,0.0,clear,0,Tue
2024-02-28,41,3,19294.0,15.3,0.0,clear,0,Wed
2024-02-29,41,0,22248.0,18.5,0.0,clear,0,Thu
2024-03-01,48,0,28287.0,18.0,0.0,clear,0,Fri
2024-03-02,68,2,38137.0,17.7,0.0,clear,0,Sat
2024-03-03,43,5,20123.0,17.2,9.3,rain,0,Sun
2024-03-04,35,2,18360.0,18.3,0.0,clear,0,Mon
2024-03-05,28,1,13914.0,18.7,17.7,rain,0,Tue
2024-03-06,36,1,21698.0,15.8,0.0,clear,0,Wed
2024-03-07,42,0,26045.0,18.1,0.0,clear,0,Thu
2024-03-08,45,2,23342.0,20.3,0.0,clear,0,Fri
2024-03-09,70,1,40593.0,22.5,0.0,clear,0,Sat
2024-03-10,63,1,33568.0,12.9,0.0,clear,0,Sun
2024-03-11,46,1,25735.0,19.6,0.0,clear,0,Mon
2024-03-12,35,0,21350.0,19.4,0.0,clear,0,Tue
2024-03-13,35,1,17956.0,19.7,0.3,clear,0,Wed
2024-03-14,36,1,18158.0,21.8,0.0,clear,0,Thu
2024-03-15,50,1,29440.0,18.5,0.0,clear,0,Fri
2024-03-16,77,2,41949.0,22.2,0.0,clear,0,Sat
2024-03-17,71,4,39227.0,20.1,0.0,clear,0,Sun
2024-03-18,38,0,19697.0,19.3,0.0,clear,0,Mon
2024-03-19,41,0,21799.0,18.4,0.0,clear,0,Tue
2024-03-20,37,1,20657.0,20.6,0.0,clear,0,Wed
2024-03-21,33,0,17355.0,17.7,0.0,clear,0,Thu
2024-03-22,43,2,22747.0,21.2,0.0,clear,0,Fri
2024-03-23,76,1,42664.0,24.7,0.0,clear,0,Sat
2024-03-24,88,2,53466.0,22.3,0.0,clear,1,Sun
2024-03-25,24,1,15068.0,17.3,0.0,clear,1,Mon
2024-03-26,30,5,11816.0,19.2,4.8,rain,0,Tue
2024-03-27,41,1,18199.0,23.2,0.0,clear,0,Wed
2024-03-28,40,0,21547.0,21.9,0.0,clear,0,Thu
2024-03-29,41,1,23245.0,24.1,0.0,clear,0,Fri
2024-03-30,87,3,51000.0,21.3,0.0,clear,0,Sat
2024-03-31,73,1,38462.0,24.2,0.0,clear,0,Sun
2024-04-01,44,1,22942.0,21.7,0.0,clear,0,Mon
2024-04-02,43,4,23842.0,23.0,0.0,clear,0,Tue
2024-04-03,42,3,18550.0,24.1,0.0,clear,0,Wed
2024-04-04,40,4,20951.0,24.2,0.0,clear,0,Thu
2024-04-05,50,3,30036.0,21.0,0.0,clear,0,Fri
2024-04-06,84,3,47596.0,26.0,0.0,clear,0,Sat
2024-04-07,68,4,34978.0,25.1,0.0,clear,0,Sun
2024-04-08,36,4,16709.0,23.6,0.0,clear,0,Mon
2024-04-09,43,1,22946.0,21.3,0.0,clear,0,Tue
2024-04-10,39,3,16755.0,22.0,0.0,clear,0,Wed
2024-04-11,50,3,24138.0,27.6,0.0,clear,0,Thu
2024-04-12,55,0,30425.0,20.0,0.0,clear,0,Fri
2024-04-13,86,0,47247.0,27.7,0.0,clear,0,Sat
2024-04-14,72,3,43282.0,25.6,0.0,clear,0,Sun
2024-04-15,45,1,24992.0,25.9,0.0,clear,0,Mon
2024-04-16,52,1,30784.0,27.6,0.0,clear,0,Tue
2024-04-17,42,2,25847.0,28.6,0.0,clear,0,Wed
2024-04-18,50,1,26087.0,23.9,0.0,clear,0,Thu
2024-04-19,39,3,18849.0,28.0,23.1,rain,0,Fri
2024-04-20,83,4,41470.0,25.3,0.0,clear,0,Sat
2024-04-21,82,2,43871.0,28.2,0.0,clear,0,Sun
2024-04-22,42,1,21144.0,25.3,0.0,clear,0,Mon
2024-04-23,40,0,23296.0,26.9,0.0,clear,0,Tue
2024-04-24,48,1,25835.0,28.3,0.0,clear,0,Wed
2024-04-25,45,1,24340.0,25.4,0.0,clear,0,Thu
2024-04-26,47,1,21286.0,26.1,0.0,clear,0,Fri
2024-04-27,98,2,53640.0,28.9,0.0,clear,0,Sat
2024-04-28,76,4,42015.0,26.3,0.0,clear,0,Sun
2024-04-29,43,3,22147.0,29.5,0.0,clear,0,Mon
2024-04-30,51,3,28483.0,26.5,0.0,clear,0,Tue
2024-05-01,34,1,17908.0,25.3,3.1,rain,0,Wed
2024-05-02,34,2,19109.0,26.8,8.8,rain,0,Thu
2024-05-03,58,3,31477.0,28.7,0.0,clear,0,Fri
2024-05-04,89,3,50931.0,27.2,0.0,clear,0,Sat
2024-05-05,71,3,43322.0,26.8,0.0,clear,0,Sun
2024-05-06,43,1,18944.0,28.2,0.0,clear,0,Mon
2024-05-07,48,0,26987.0,29.2,0.0,clear,0,Tue
2024-05-08,47,0,26284.0,28.2,0.0,clear,0,Wed
2024-05-09,52,1,25728.0,28.7,0.0,clear,0,Thu
2024-05-10,64,1,31660.0,33.3,0.0,clear,0,Fri
2024-05-11,83,3,43720.0,30.0,0.0,clear,0,Sat
2024-05-12,86,2,45067.0,25.0,0.0,clear,0,Sun
2024-05-13,43,0,23194.0,27.4,0.0,clear,0,Mon
2024-05-14,44,3,22494.0,30.1,0.0,clear,0,Tue
2024-05-15,45,1,24940.0,27.9,0.0,clear,0,Wed
2024-05-16,45,3,24995.0,30.0,0.0,clear,0,Thu
2024-05-17,60,3,35918.0,34.5,0.0,clear,0,Fri
2024-05-18,81,6,40431.0,27.2,0.0,clear,0,Sat
2024-05-19,83,2,44129.0,35.0,0.0,clear,0,Sun
2024-05-20,46,3,27436.0,29.7,0.0,clear,0,Mon
2024-05-21,51,0,27433.0,30.6,0.0,clear,0,Tue
2024-05-22,44,1,23795.0,31.8,0.0,clear,0,Wed
2024-05-23,52,0,28887.0,29.8,0.0,clear,0,Thu
2024-05-24,64,5,36670.0,28.4,0.0,clear,0,Fri
2024-05-25,99,2,56839.0,31.3,0.0,clear,0,Sat
2024-05-26,90,6,48061.0,28.9,0.0,clear,0,Sun
2024-05-27,51,4,25094.0,33.8,0.0,clear,0,Mon
2024-05-28,41,0,23895.0,32.1,0.0,clear,0,Tue
2024-05-29,48,0,24591.0,25.9,0.0,clear,0,Wed
2024-05-30,47,4,23696.0,33.2,0.0,clear,0,Thu
2024-05-31,57,0,28481.0,30.4,0.0,clear,0,Fri
2024-06-01,75,6,41522.0,34.0,0.0,clear,0,Sat
2024-06-02,54,2,29031.0,31.6,23.5,rain,0,Sun
2024-06-03,43,1,22742.0,30.9,1.7,clear,0,Mon
2024-06-04,44,0,25687.0,31.8,0.0,clear,0,Tue
2024-06-05,58,2,34730.0,36.1,0.0,clear,0,Wed
2024-06-06,54,1,28130.0,37.4,0.0,clear,0,Thu
2024-06-07,65,1,40462.0,33.3,0.0,clear,0,Fri
2024-06-08,96,0,59314.0,33.7,0.0,clear,0,Sat
2024-06-09,73,0,39746.0,34.5,0.0,clear,0,Sun
2024-06-10,51,1,28282.0,35.6,0.0,clear,0,Mon
2024-06-11,53,0,27629.0,35.8,0.0,clear,0,Tue
2024-06-12,46,1,25933.0,34.2,0.0,clear,0,Wed
2024-06-13,49,1,26335.0,35.6,0.0,clear,0,Thu
2024-06-14,61,2,30771.0,34.1,1.1,clear,0,Fri
2024-06-15,87,3,46690.0,33.6,0.0,clear,0,Sat
2024-06-16,94,3,56085.0,32.5,0.0,clear,0,Sun
2024-06-17,53,3,28339.0,32.1,0.0,clear,0,Mon
2024-06-18,39,1,18747.0,31.8,0.0,clear,0,Tue
2024-06-19,45,1,24946.0,38.9,0.0,clear,0,Wed
2024-06-20,56,2,30473.0,36.7,0.0,clear,0,Thu
2024-06-21,59,1,31874.0,30.3,0.0,clear,0,Fri
2024-06-22,83,3,45208.0,33.5,0.0,clear,0,Sat
2024-06-23,92,3,50860.0,33.6,0.0,clear,0,Sun
2024-06-24,51,2,24381.0,35.0,0.0,clear,0,Mon
2024-06-25,46,1,25737.0,36.7,0.0,clear,0,Tue
2024-06-26,39,1,19949.0,35.8,0.0,clear,0,Wed
2024-06-27,50,1,26083.0,35.6,0.0,clear,0,Thu
2024-06-28,59,3,28270.0,33.7,0.0,clear,0,Fri
2024-06-29,83,2,47716.0,35.3,0.0,clear,0,Sat
2024-06-30,72,8,37156.0,36.0,16.4,rain,0,Sun
2024-07-01,44,2,22746.0,32.9,9.7,rain,0,Mon
2024-07-02,33,0,18055.0,36.5,23.4,rain,0,Tue
2024-07-03,41,1,24348.0,33.6,0.0,clear,0,Wed
2024-07-04,45,2,24897.0,36.9,0.0,clear,0,Thu
2024-07-05,75,1,42598.0,33.9,0.0,clear,0,Fri
2024-07-06,90,2,50264.0,37.9,0.0,clear,0,Sat
2024-07-07,79,4,44924.0,35.7,0.0,clear,0,Sun
2024-07-08,38,1,19006.0,34.4,8.8,rain,0,Mon
2024-07-09,37,2,18902.0,37.0,20.1,rain,0,Tue
2024-07-10,33,3,15759.0,35.9,8.8,rain,0,Wed
2024-07-11,55,0,29680.0,39.6,0.0,clear,0,Thu
2024-07-12,61,1,33971.0,38.1,0.0,clear,0,Fri
2024-07-13,49,0,26894.0,35.7,26.8,heavy_rain,0,Sat
2024-07-14,93,3,49923.0,34.7,0.0,clear,0,Sun
2024-07-15,25,0,14215.0,36.3,49.3,heavy_rain,0,Mon
2024-07-16,51,1,27337.0,34.6,0.0,clear,0,Tue
2024-07-17,21,1,11022.0,36.2,49.1,heavy_rain,0,Wed
2024-07-18,33,0,20702.0,35.9,18.4,rain,0,Thu
2024-07-19,40,3,20796.0,33.4,20.3,rain,0,Fri
2024-07-20,69,6,35767.0,35.7,18.0,rain,0,Sat
2024-07-21,58,5,31537.0,37.8,24.5,rain,0,Sun
2024-07-22,34,1,15209.0,37.8,19.4,rain,0,Mon
2024-07-23,54,1,26280.0,33.6,0.0,clear,0,Tue
2024-07-24,46,0,24138.0,34.5,0.0,clear,0,Wed
2024-07-25,40,3,22749.0,34.9,6.1,rain,0,Thu
2024-07-26,24,0,11569.0,32.9,48.8,heavy_rain,0,Fri
2024-07-27,102,3,57431.0,35.3,1.0,clear,0,Sat
2024-07-28,93,1,54720.0,38.1,0.0,clear,0,Sun
2024-07-29,57,1,31522.0,31.7,0.0,clear,0,Mon
2024-07-30,46,1,23743.0,36.1,0.0,clear,0,Tue
2024-07-31,44,4,20296.0,34.5,0.0,clear,0,Wed
2024-08-01,54,1,25233.0,37.6,0.0,clear,0,Thu
2024-08-02,57,2,30223.0,32.1,0.0,clear,0,Fri
2024-08-03,94,1,57223.0,38.1,0.0,clear,0,Sat
2024-08-04,55,3,35633.0,33.3,24.3,rain,0,Sun
2024-08-05,23,2,11273.0,35.6,36.0,heavy_rain,0,Mon
2024-08-06,41,0,25340.0,37.8,0.0,clear,0,Tue
2024-08-07,41,1,21450.0,33.0,0.0,clear,0,Wed
2024-08-08,55,0,31679.0,32.9,0.0,clear,0,Thu
2024-08-09,61,2,32322.0,39.0,0.0,clear,0,Fri
2024-08-10,95,1,54736.0,35.0,0.0,clear,0,Sat
2024-08-11,63,2,38163.0,31.7,14.1,rain,0,Sun
2024-08-12,33,2,15810.0,34.7,8.9,rain,0,Mon
2024-08-13,20,1,10578.0,34.4,37.3,heavy_rain,0,Tue
2024-08-14,35,2,18907.0,34.2,0.0,clear,0,Wed
2024-08-15,45,1,23493.0,28.5,0.0,clear,1,Thu
2024-08-16,58,6,28434.0,34.9,0.0,clear,0,Fri
2024-08-17,74,5,43158.0,32.0,6.5,rain,0,Sat
2024-08-18,77,2,45697.0,35.2,0.0,clear,0,Sun
2024-08-19,36,1,19046.0,35.5,16.3,rain,0,Mon
2024-08-20,30,2,16263.0,33.9,15.9,rain,0,Tue
2024-08-21,42,3,23350.0,37.2,0.0,clear,0,Wed
2024-08-22,49,0,28481.0,33.0,0.0,clear,0,Thu
2024-08-23,57,3,28224.0,32.0,0.0,clear,0,Fri
2024-08-24,87,3,47601.0,32.5,0.0,clear,0,Sat
2024-08-25,36,0,19466.0,33.7,45.9,heavy_rain,0,Sun
2024-08-26,30,0,16912.0,32.6,3.5,rain,0,Mon
2024-08-27,38,1,17601.0,34.2,0.0,clear,0,Tue
2024-08-28,27,2,12368.0,31.4,21.0,rain,0,Wed
2024-08-29,49,2,25090.0,34.4,0.0,clear,0,Thu
2024-08-30,45,2,25988.0,32.3,11.3,rain,0,Fri
2024-08-31,72,0,39105.0,31.8,24.1,rain,0,Sat
2024-09-01,84,4,45894.0,30.2,0.0,clear,0,Sun
2024-09-02,48,2,24838.0,31.9,0.0,clear,0,Mon
2024-09-03,51,0,22801.0,30.7,0.0,clear,0,Tue
2024-09-04,43,0,23445.0,32.3,0.0,clear,0,Wed
2024-09-05,42,1,19843.0,32.0,0.0,clear,0,Thu
2024-09-06,41,4,19449.0,31.4,24.3,rain,0,Fri
2024-09-07,35,1,20167.0,30.0,39.0,heavy_rain,0,Sat
2024-09-08,61,4,35388.0,31.5,4.9,rain,0,Sun
2024-09-09,55,0,34522.0,34.5,0.0,clear,0,Mon
2024-09-10,30,5,14912.0,29.6,9.7,rain,0,Tue
2024-09-11,40,0,23697.0,32.6,0.0,clear,0,Wed
2024-09-12,48,2,25983.0,29.1,0.0,clear,0,Thu
2024-09-13,42,2,21894.0,29.6,23.3,rain,0,Fri
2024-09-14,78,1,44139.0,30.9,0.0,clear,0,Sat
2024-09-15,79,1,41616.0,29.2,0.0,clear,0,Sun
2024-09-16,50,1,27235.0,35.2,0.0,clear,0,Mon
2024-09-17,43,3,22644.0,28.6,0.0,clear,0,Tue
2024-09-18,45,2,21991.0,29.8,0.0,clear,0,Wed
2024-09-19,52,3,28183.0,32.7,0.0,clear,0,Thu
2024-09-20,62,3,36868.0,26.9,0.0,clear,0,Fri
2024-09-21,99,3,55958.0,32.0,0.0,clear,0,Sat
2024-09-22,57,2,30529.0,28.2,4.5,rain,0,Sun
2024-09-23,44,2,22342.0,26.6,0.0,clear,0,Mon
2024-09-24,39,0,23547.0,27.7,1.8,clear,0,Tue
2024-09-25,42,2,19897.0,29.7,0.0,clear,0,Wed
2024-09-26,41,2,19802.0,28.0,0.0,clear,0,Thu
2024-09-27,59,1,30474.0,27.2,0.0,clear,0,Fri
2024-09-28,88,3,46101.0,31.6,0.0,clear,0,Sat
2024-09-29,68,3,35779.0,26.9,0.0,clear,0,Sun
2024-09-30,44,2,24294.0,26.2,0.0,clear,0,Mon
2024-10-01,47,1,24189.0,28.2,0.0,clear,0,Tue
2024-10-02,38,0,22201.0,28.5,0.0,clear,1,Wed
2024-10-03,46,1,26134.0,25.7,0.0,clear,0,Thu
2024-10-04,50,4,25189.0,27.1,0.0,clear,0,Fri
2024-10-05,78,1,46287.0,25.7,0.0,clear,0,Sat
2024-10-06,75,5,40483.0,27.0,0.0,clear,0,Sun
2024-10-07,44,1,22744.0,25.9,0.0,clear,0,Mon
2024-10-08,37,1,20051.0,27.1,0.0,clear,0,Tue
2024-10-09,39,0,19002.0,21.9,0.0,clear,0,Wed
2024-10-10,40,2,22602.0,24.0,0.0,clear,0,Thu
2024-10-11,53,1,27127.0,23.4,0.0,clear,0,Fri
2024-10-12,72,7,38389.0,26.9,0.0,clear,0,Sat
2024-10-13,66,1,38226.0,27.0,0.0,clear,0,Sun
2024-10-14,46,0,23187.0,25.8,0.0,clear,0,Mon
2024-10-15,40,1,23552.0,21.9,0.0,clear,0,Tue
2024-10-16,41,2,20194.0,24.7,0.0,clear,0,Wed
2024-10-17,45,1,27886.0,24.4,0.0,clear,0,Thu
2024-10-18,51,1,26081.0,26.0,0.0,clear,0,Fri
2024-10-19,84,7,51435.0,28.3,0.0,clear,0,Sat
2024-10-20,59,3,30144.0,22.8,24.5,rain,1,Sun
2024-10-21,44,1,23644.0,24.5,0.0,clear,0,Mon
2024-10-22,32,5,13412.0,20.7,8.7,rain,0,Tue
2024-10-23,39,0,25245.0,19.5,0.0,clear,0,Wed
2024-10-24,48,0,23340.0,26.4,0.0,clear,0,Thu
2024-10-25,52,2,28383.0,24.7,0.0,clear,0,Fri
2024-10-26,81,1,45537.0,22.6,0.0,clear,0,Sat
2024-10-27,66,3,36838.0,19.4,0.0,clear,0,Sun
2024-10-28,41,0,22297.0,22.0,0.0,clear,0,Mon
2024-10-29,38,1,19202.0,20.1,0.0,clear,0,Tue
2024-10-30,36,1,18705.0,19.2,0.0,clear,0,Wed
2024-10-31,33,0,20459.0,25.7,0.0,clear,0,Thu
2024-11-01,70,4,34763.0,22.7,0.0,clear,1,Fri
2024-11-02,29,3,13771.0,20.5,0.0,clear,1,Sat
2024-11-03,33,2,17780.0,19.9,0.0,clear,1,Sun
2024-11-04,42,1,23896.0,19.0,0.0,clear,0,Mon
2024-11-05,41,0,21347.0,18.5,0.0,clear,0,Tue
2024-11-06,37,0,22553.0,18.0,0.0,clear,0,Wed
2024-11-07,43,3,20151.0,20.3,0.0,clear,0,Thu
2024-11-08,50,2,26488.0,20.3,0.0,clear,0,Fri
2024-11-09,89,2,52748.0,20.2,0.0,clear,0,Sat
2024-11-10,58,2,28918.0,23.3,0.0,clear,0,Sun
2024-11-11,37,0,18605.0,19.2,0.0,clear,0,Mon
2024-11-12,39,1,22293.0,20.0,0.0,clear,0,Tue
2024-11-13,40,1,23499.0,21.3,0.0,clear,0,Wed
2024-11-14,38,0,21198.0,19.4,0.0,clear,0,Thu
2024-11-15,46,3,22042.0,19.8,0.0,clear,0,Fri
2024-11-16,76,0,42556.0,17.7,0.0,clear,0,Sat
2024-11-17,63,0,36004.0,19.9,0.0,clear,0,Sun
2024-11-18,43,0,25097.0,19.0,0.0,clear,0,Mon
2024-11-19,39,1,23002.0,19.3,0.0,clear,0,Tue
2024-11-20,41,2,18346.0,18.0,0.0,clear,0,Wed
2024-11-21,39,0,20096.0,17.1,0.0,clear,0,Thu
2024-11-22,45,0,22888.0,16.8,0.0,clear,0,Fri
2024-11-23,73,1,39158.0,18.1,0.0,clear,0,Sat
2024-11-24,59,2,32881.0,18.7,0.0,clear,0,Sun
2024-11-25,36,3,19758.0,16.4,0.0,clear,0,Mon
2024-11-26,36,1,18601.0,16.2,0.0,clear,0,Tue
2024-11-27,39,2,22204.0,22.8,0.0,clear,0,Wed
2024-11-28,38,1,21402.0,17.8,0.0,clear,0,Thu
2024-11-29,48,4,23691.0,19.5,0.0,clear,0,Fri
2024-11-30,72,1,44834.0,18.5,0.0,clear,0,Sat
2024-12-01,64,3,33458.0,18.8,0.0,clear,0,Sun
2024-12-02,41,1,22249.0,17.3,0.0,clear,0,Mon
2024-12-03,37,0,19554.0,17.3,0.0,clear,0,Tue
2024-12-04,34,0,18007.0,20.3,0.0,clear,0,Wed
2024-12-05,38,1,21952.0,13.8,0.0,clear,0,Thu
2024-12-06,50,2,28483.0,18.2,0.0,clear,0,Fri
2024-12-07,71,2,38727.0,15.5,0.0,clear,0,Sat
2024-12-08,65,4,36569.0,16.1,0.0,clear,0,Sun
2024-12-09,42,1,24998.0,15.5,0.0,clear,0,Mon
2024-12-10,39,1,20006.0,14.6,0.0,clear,0,Tue
2024-12-11,26,2,12616.0,17.2,3.9,rain,0,Wed
2024-12-12,40,0,23450.0,17.7,0.0,clear,0,Thu
2024-12-13,56,2,30228.0,19.7,0.0,clear,0,Fri
2024-12-14,63,0,40198.0,19.5,0.0,clear,0,Sat
2024-12-15,64,2,36266.0,17.2,0.0,clear,0,Sun
2024-12-16,29,4,14916.0,11.7,5.4,rain,0,Mon
2024-12-17,37,2,18207.0,15.6,0.0,clear,0,Tue
2024-12-18,35,0,19703.0,15.9,0.0,clear,0,Wed
2024-12-19,27,0,14861.0,17.0,12.6,rain,0,Thu
2024-12-20,45,1,26091.0,17.1,0.0,clear,0,Fri
2024-12-21,71,2,42311.0,15.5,0.0,clear,0,Sat
2024-12-22,58,1,34938.0,15.0,0.0,clear,0,Sun
2024-12-23,40,0,21092.0,14.6,0.0,clear,0,Mon
2024-12-24,40,1,24845.0,18.4,0.0,clear,0,Tue
2024-12-25,28,1,17313.0,13.9,0.0,clear,1,Wed
2024-12-26,39,2,19150.0,20.1,0.0,clear,0,Thu
2024-12-27,50,5,24740.0,14.1,0.0,clear,0,Fri
2024-12-28,53,2,30296.0,12.6,6.9,rain,0,Sat
2024-12-29,59,1,33566.0,9.5,0.0,clear,0,Sun
2024-12-30,38,1,18000.0,14.8,0.0,clear,0,Mon
2024-12-31,46,1,24987.0,14.1,0.0,clear,1,Tue
2025-01-01,37,3,18655.0,19.6,0.0,clear,0,Wed
2025-01-02,46,0,25388.0,12.8,0.0,clear,0,Thu
2025-01-03,46,2,21391.0,11.9,0.0,clear,0,Fri
2025-01-04,83,1,44910.0,15.3,0.0,clear,0,Sat
2025-01-05,68,4,37780.0,15.3,0.0,clear,0,Sun
2025-01-06,42,1,19544.0,10.7,0.0,clear,0,Mon
2025-01-07,37,1,19753.0,12.6,0.0,clear,0,Tue
2025-01-08,35,1,16656.0,12.9,0.0,clear,0,Wed
2025-01-09,40,3,20448.0,14.2,0.0,clear,0,Thu
2025-01-10,52,3,26236.0,13.2,0.0,clear,0,Fri
2025-01-11,44,1,26928.0,14.0,10.4,rain,0,Sat
2025-01-12,66,3,37120.0,12.2,0.0,clear,0,Sun
2025-01-13,44,2,28345.0,13.4,0.0,clear,0,Mon
2025-01-14,36,2,18202.0,15.7,0.0,clear,0,Tue
2025-01-15,40,1,21898.0,13.9,0.0,clear,0,Wed
2025-01-16,43,2,21146.0,10.5,0.0,clear,0,Thu
2025-01-17,50,0,23938.0,14.0,0.0,clear,0,Fri
2025-01-18,77,4,41219.0,11.4,0.0,clear,0,Sat
2025-01-19,71,1,38888.0,15.6,0.0,clear,0,Sun
2025-01-20,41,3,20500.0,15.9,0.0,clear,0,Mon
2025-01-21,39,1,22345.0,11.4,0.0,clear,0,Tue
2025-01-22,43,0,25795.0,13.3,0.0,clear,0,Wed
2025-01-23,38,1,23048.0,16.8,0.0,clear,0,Thu
2025-01-24,53,1,27534.0,14.7,0.0,clear,0,Fri
2025-01-25,74,1,49952.0,15.7,0.0,clear,0,Sat
2025-01-26,49,2,29245.0,16.4,0.0,clear,1,Sun
2025-01-27,39,0,20947.0,12.3,0.0,clear,0,Mon
2025-01-28,38,0,22752.0,16.9,0.0,clear,0,Tue
2025-01-29,39,1,20802.0,14.2,0.0,clear,0,Wed
2025-01-30,40,2,22701.0,10.5,0.0,clear,0,Thu
2025-01-31,53,0,27827.0,8.9,0.0,clear,0,Fri
2025-02-01,80,3,44652.0,16.2,0.0,clear,0,Sat
2025-02-02,53,4,27792.0,10.7,4.4,rain,0,Sun
2025-02-03,43,3,23396.0,15.7,0.0,clear,0,Mon
2025-02-04,43,1,26540.0,17.5,0.0,clear,0,Tue
2025-02-05,42,2,20848.0,14.2,0.0,clear,0,Wed
2025-02-06,51,2,30133.0,16.4,0.0,clear,0,Thu
2025-02-07,51,1,26982.0,13.1,0.0,clear,0,Fri
2025-02-08,75,1,45949.0,15.9,0.0,clear,0,Sat
2025-02-09,63,3,33737.0,14.7,0.0,clear,0,Sun
2025-02-10,43,2,23244.0,15.5,0.0,clear,0,Mon
2025-02-11,40,1,23446.0,17.2,0.0,clear,0,Tue
2025-02-12,35,2,17153.0,15.2,0.0,clear,0,Wed
2025-02-13,46,1,23838.0,18.3,0.0,clear,0,Thu
2025-02-14,50,0,26385.0,17.4,0.0,clear,0,Fri
2025-02-15,89,6,54090.0,15.7,0.0,clear,0,Sat
2025-02-16,73,3,39221.0,15.1,0.0,clear,0,Sun
2025-02-17,41,0,27045.0,17.1,0.0,clear,0,Mon
2025-02-18,39,0,21351.0,16.8,0.0,clear,0,Tue
2025-02-19,50,1,29783.0,16.3,0.0,clear,0,Wed
2025-02-20,48,0,27779.0,15.4,0.0,clear,0,Thu
2025-02-21,50,0,28084.0,15.4,0.0,clear,0,Fri
2025-02-22,84,0,47910.0,14.8,0.0,clear,0,Sat
2025-02-23,73,2,46229.0,17.4,0.0,clear,0,Sun
2025-02-24,48,1,26335.0,15.4,0.0,clear,0,Mon
2025-02-25,46,0,23242.0,19.3,0.0,clear,0,Tue
2025-02-26,51,1,27935.0,21.6,0.0,clear,0,Wed
2025-02-27,51,2,24240.0,11.3,0.0,clear,0,Thu
2025-02-28,59,5,31329.0,16.8,2.0,clear,0,Fri
2025-03-01,91,3,48493.0,19.0,0.0,clear,0,Sat
2025-03-02,69,0,40806.0,15.9,0.0,clear,0,Sun
2025-03-03,40,2,21946.0,19.2,0.0,clear,0,Mon
2025-03-04,29,1,14612.0,15.9,10.3,rain,0,Tue
2025-03-05,40,2,21947.0,16.7,0.0,clear,0,Wed
2025-03-06,41,4,19897.0,20.4,0.0,clear,0,Thu
2025-03-07,57,3,28482.0,19.6,0.0,clear,0,Fri
2025-03-08,92,5,49829.0,19.2,0.0,clear,0,Sat
2025-03-09,64,0,38697.0,19.7,0.0,clear,0,Sun
2025-03-10,54,2,32431.0,20.4,0.0,clear,0,Mon
2025-03-11,49,1,30585.0,20.2,0.0,clear,0,Tue
2025-03-12,47,1,26090.0,19.1,0.0,clear,0,Wed
2025-03-13,46,2,25743.0,20.0,0.0,clear,0,Thu
2025-03-14,67,3,34763.0,18.3,0.0,clear,0,Fri
2025-03-15,97,1,56898.0,19.3,0.0,clear,0,Sat
2025-03-16,87,4,50737.0,21.9,0.0,clear,0,Sun
2025-03-17,49,2,26837.0,17.8,0.0,clear,0,Mon
2025-03-18,49,2,27987.0,20.0,0.0,clear,0,Tue
2025-03-19,43,2,22393.0,18.3,0.0,clear,0,Wed
2025-03-20,44,2,24450.0,20.7,0.0,clear,0,Thu
2025-03-21,56,2,32620.0,19.0,0.0,clear,0,Fri
2025-03-22,91,3,50467.0,18.2,0.0,clear,0,Sat
2025-03-23,82,3,45120.0,20.3,0.0,clear,0,Sun
2025-03-24,50,5,27785.0,20.0,19.3,rain,1,Mon
2025-03-25,30,0,15868.0,17.5,1.7,clear,1,Tue
2025-03-26,47,2,25543.0,21.6,0.0,clear,0,Wed
2025-03-27,51,0,26032.0,20.3,0.0,clear,0,Thu
2025-03-28,61,2,34618.0,20.1,0.0,clear,0,Fri
2025-03-29,102,1,61762.0,20.3,0.0,clear,0,Sat
2025-03-30,83,4,46370.0,18.9,0.0,clear,0,Sun
2025-03-31,45,3,23948.0,23.4,0.0,clear,0,Mon
2025-04-01,48,0,24443.0,25.2,0.0,clear,0,Tue
2025-04-02,42,1,23291.0,22.8,0.0,clear,0,Wed
2025-04-03,43,2,24337.0,22.8,0.0,clear,0,Thu
2025-04-04,62,3,33517.0,18.9,0.0,clear,0,Fri
2025-04-05,106,0,63319.0,21.9,0.0,clear,0,Sat
2025-04-06,95,0,55066.0,23.2,0.0,clear,0,Sun
2025-04-07,51,1,28529.0,25.2,0.0,clear,0,Mon
2025-04-08,35,1,20004.0,24.7,2.7,rain,0,Tue
2025-04-09,43,1,21950.0,22.9,0.0,clear,0,Wed
2025-04-10,41,1,24641.0,24.3,8.1,rain,0,Thu
2025-04-11,55,2,31425.0,21.9,0.0,clear,0,Fri
2025-04-12,91,1,55086.0,24.1,0.0,clear,0,Sat
2025-04-13,85,3,48205.0,29.0,0.0,clear,0,Sun
2025-04-14,48,3,24192.0,18.8,0.0,clear,0,Mon
2025-04-15,47,0,28337.0,26.9,0.0,clear,0,Tue
2025-04-16,51,0,27135.0,30.8,0.0,clear,0,Wed
2025-04-17,55,2,33375.0,26.3,0.0,clear,0,Thu
2025-04-18,65,2,36576.0,24.7,0.0,clear,0,Fri
2025-04-19,109,2,65383.0,27.4,0.0,clear,0,Sat
2025-04-20,95,3,53621.0,26.5,0.0,clear,0,Sun
2025-04-21,53,3,26681.0,27.3,0.0,clear,0,Mon
2025-04-22,48,3,23288.0,25.0,0.0,clear,0,Tue
2025-04-23,50,1,29679.0,21.3,0.0,clear,0,Wed
2025-04-24,54,2,25485.0,26.4,0.0,clear,0,Thu
2025-04-25,48,4,24341.0,24.7,5.6,rain,0,Fri
2025-04-26,115,3,64489.0,27.4,0.0,clear,0,Sat
2025-04-27,95,4,51546.0,28.2,0.0,clear,0,Sun
2025-04-28,54,4,26592.0,28.3,0.0,clear,0,Mon
2025-04-29,53,4,27686.0,26.6,0.0,clear,0,Tue
2025-04-30,52,0,26738.0,24.5,0.0,clear,0,Wed
2025-05-01,58,3,27325.0,27.2,0.0,clear,0,Thu
2025-05-02,68,2,33872.0,25.2,0.0,clear,0,Fri
2025-05-03,96,1,60073.0,27.1,0.0,clear,0,Sat
2025-05-04,101,3,57707.0,31.4,0.0,clear,0,Sun
2025-05-05,58,0,31030.0,28.4,0.0,clear,0,Mon
2025-05-06,59,1,34477.0,28.0,0.0,clear,0,Tue
2025-05-07,53,0,29580.0,35.5,0.0,clear,0,Wed
2025-05-08,58,3,30082.0,29.2,0.0,clear,0,Thu
2025-05-09,68,0,36265.0,26.8,0.0,clear,0,Fri
2025-05-10,125,3,76285.0,33.3,0.0,clear,0,Sat
2025-05-11,91,2,55268.0,30.8,0.0,clear,0,Sun
2025-05-12,140,4,76373.0,32.6,0.0,clear,0,Mon
2025-05-13,59,4,31329.0,29.6,0.0,clear,0,Tue
2025-05-14,59,2,32279.0,30.6,0.0,clear,0,Wed
2025-05-15,52,0,30535.0,30.2,0.0,clear,0,Thu
2025-05-16,74,2,38658.0,28.0,0.0,clear,0,Fri
2025-05-17,101,2,55653.0,31.6,0.0,clear,0,Sat
2025-05-18,76,5,40800.0,31.2,23.3,rain,0,Sun
2025-05-19,53,3,31784.0,32.9,0.0,clear,0,Mon
2025-05-20,53,3,31386.0,31.1,0.0,clear,0,Tue
2025-05-21,55,1,29635.0,31.7,0.0,clear,0,Wed
2025-05-22,53,2,27230.0,34.2,0.0,clear,0,Thu
2025-05-23,77,2,40702.0,29.7,0.0,clear,0,Fri
2025-05-24,102,3,63331.0,29.9,0.0,clear,0,Sat
2025-05-25,96,4,54176.0,31.9,0.0,clear,0,Sun
2025-05-26,61,0,34168.0,33.2,0.0,clear,0,Mon
2025-05-27,53,2,26835.0,34.8,0.0,clear,0,Tue
2025-05-28,60,1,31175.0,29.5,0.0,clear,0,Wed
2025-05-29,62,1,41070.0,35.5,0.0,clear,0,Thu
2025-05-30,76,2,40403.0,32.8,0.0,clear,0,Fri
2025-05-31,112,1,62042.0,31.2,0.0,clear,0,Sat
2025-06-01,109,2,62275.0,30.9,0.0,clear,0,Sun
2025-06-02,27,2,15865.0,33.0,31.9,heavy_rain,0,Mon
2025-06-03,67,2,38714.0,30.9,0.0,clear,0,Tue
2025-06-04,40,1,20350.0,32.7,6.3,rain,0,Wed
2025-06-05,67,3,33465.0,33.0,0.0,clear,0,Thu
2025-06-06,81,2,44991.0,34.6,0.0,clear,0,Fri
2025-06-07,116,0,61627.0,33.1,0.0,clear,0,Sat
2025-06-08,94,3,51996.0,30.5,0.0,clear,0,Sun
2025-06-09,61,3,32830.0,33.6,0.0,clear,0,Mon
2025-06-10,43,3,22597.0,33.2,15.4,rain,0,Tue
2025-06-11,61,3,31922.0,37.0,0.0,clear,0,Wed
2025-06-12,47,4,25841.0,31.7,17.1,rain,0,Thu
2025-06-13,69,1,37013.0,31.2,0.0,clear,0,Fri
2025-06-14,108,2,60664.0,34.2,0.0,clear,0,Sat
2025-06-15,100,5,54505.0,32.0,0.0,clear,0,Sun
2025-06-16,59,2,33219.0,34.6,0.0,clear,0,Mon
2025-06-17,50,1,26035.0,35.2,0.0,clear,0,Tue
2025-06-18,61,2,32218.0,33.3,0.0,clear,0,Wed
2025-06-19,65,2,36518.0,30.8,0.0,clear,0,Thu
2025-06-20,60,0,29923.0,32.7,0.0,clear,0,Fri
2025-06-21,126,6,68583.0,34.2,0.0,clear,0,Sat
2025-06-22,104,5,58094.0,34.7,0.0,clear,0,Sun
2025-06-23,56,1,33468.0,38.3,0.0,clear,0,Mon
2025-06-24,65,3,37018.0,35.5,0.0,clear,0,Tue
2025-06-25,60,3,33470.0,35.0,0.0,clear,0,Wed
2025-06-26,56,2,31482.0,35.1,0.0,clear,0,Thu
2025-06-27,72,1,41558.0,30.1,0.0,clear,0,Fri
2025-06-28,125,5,74040.0,36.9,0.0,clear,0,Sat
2025-06-29,108,2,65477.0,34.2,0.0,clear,0,Sun
2025-06-30,63,0,32025.0,33.3,0.0,clear,0,Mon
2025-07-01,58,0,31178.0,33.1,0.0,clear,0,Tue
2025-07-02,57,3,30982.0,31.5,0.0,clear,0,Wed
2025-07-03,59,1,33623.0,36.5,0.0,clear,0,Thu
2025-07-04,68,5,37071.0,32.5,0.0,clear,0,Fri
2025-07-05,80,4,46920.0,37.1,22.0,rain,0,Sat
2025-07-06,71,3,38582.0,38.8,23.7,rain,0,Sun
2025-07-07,30,3,14515.0,35.2,39.6,heavy_rain,0,Mon
2025-07-08,35,2,20605.0,39.0,19.8,rain,0,Tue
2025-07-09,36,2,18408.0,36.3,12.0,rain,0,Wed
2025-07-10,62,1,31278.0,33.0,0.0,clear,0,Thu
2025-07-11,73,1,40562.0,35.9,0.0,clear,0,Fri
2025-07-12,53,2,27540.0,35.2,27.1,heavy_rain,0,Sat
2025-07-13,96,3,50487.0,32.3,0.0,clear,0,Sun
2025-07-14,60,1,31917.0,40.0,0.0,clear,0,Mon
2025-07-15,58,3,30920.0,37.8,0.0,clear,0,Tue
2025-07-16,43,1,25499.0,37.2,23.1,rain,0,Wed
2025-07-17,55,1,29024.0,40.2,0.0,heatwave,0,Thu
2025-07-18,78,3,43305.0,36.9,0.0,clear,0,Fri
2025-07-19,89,5,51046.0,37.4,2.9,rain,0,Sat
2025-07-20,91,5,49024.0,36.8,0.0,clear,0,Sun
2025-07-21,46,3,27436.0,36.6,12.7,rain,0,Mon
2025-07-22,40,1,21594.0,38.0,17.6,rain,0,Tue
2025-07-23,48,3,23790.0,37.7,0.0,clear,0,Wed
2025-07-24,60,8,30533.0,34.6,0.0,clear,0,Thu
2025-07-25,74,0,42006.0,37.3,0.0,clear,0,Fri
2025-07-26,82,5,47971.0,37.7,4.6,rain,0,Sat
2025-07-27,95,3,55772.0,33.8,0.0,clear,0,Sun
2025-07-28,43,3,22048.0,37.0,13.8,rain,0,Mon
2025-07-29,42,4,22504.0,33.1,21.4,rain,0,Tue
2025-07-30,56,1,33330.0,35.0,0.0,clear,0,Wed
2025-07-31,45,4,24296.0,35.7,18.5,rain,0,Thu
2025-08-01,52,1,28686.0,36.1,15.0,rain,0,Fri
2025-08-02,110,2,62448.0,33.0,0.0,clear,0,Sat
2025-08-03,67,4,37335.0,35.7,6.9,rain,0,Sun
2025-08-04,63,3,34221.0,35.5,0.0,clear,0,Mon
2025-08-05,26,3,12223.0,35.0,46.7,heavy_rain,0,Tue
2025-08-06,55,5,24987.0,36.1,0.0,clear,0,Wed
2025-08-07,40,1,21002.0,38.6,14.8,rain,0,Thu
2025-08-08,77,4,40554.0,34.5,0.0,clear,0,Fri
2025-08-09,110,3,63635.0,33.9,0.0,clear,0,Sat
2025-08-10,71,1,42864.0,31.4,8.2,rain,0,Sun
2025-08-11,60,3,32973.0,36.2,0.0,clear,0,Mon
2025-08-12,25,0,15266.0,38.8,31.0,heavy_rain,0,Tue
2025-08-13,53,1,33979.0,35.3,0.0,clear,0,Wed
2025-08-14,58,2,34471.0,36.4,0.0,clear,0,Thu
2025-08-15,28,3,13318.0,31.3,35.1,heavy_rain,1,Fri
2025-08-16,98,2,55753.0,31.9,0.0,clear,0,Sat
2025-08-17,93,2,51018.0,35.1,0.0,clear,0,Sun
2025-08-18,45,3,22440.0,33.1,9.2,rain,0,Mon
2025-08-19,51,2,25289.0,36.6,0.0,clear,0,Tue
2025-08-20,54,2,28191.0,37.6,0.0,clear,0,Wed
2025-08-21,52,1,27136.0,35.2,0.0,clear,0,Thu
2025-08-22,75,2,44053.0,36.0,0.0,clear,0,Fri
2025-08-23,94,2,56688.0,35.5,0.0,clear,0,Sat
2025-08-24,73,3,44126.0,35.4,21.6,rain,0,Sun
2025-08-25,57,1,27822.0,35.3,0.0,clear,0,Mon
2025-08-26,35,0,16558.0,34.1,12.2,rain,0,Tue
2025-08-27,51,3,28890.0,33.3,0.0,clear,0,Wed
2025-08-28,43,2,22844.0,35.1,14.3,rain,0,Thu
2025-08-29,60,4,31331.0,34.3,0.0,clear,0,Fri
2025-08-30,104,2,61412.0,32.8,0.0,clear,0,Sat
2025-08-31,69,1,40308.0,31.8,7.7,rain,0,Sun
2025-09-01,56,2,32479.0,36.9,0.0,clear,0,Mon
2025-09-02,41,2,21898.0,32.3,5.2,rain,0,Tue
2025-09-03,32,1,16510.0,31.7,13.7,rain,0,Wed
2025-09-04,39,1,20395.0,31.8,20.0,rain,0,Thu
2025-09-05,74,2,44298.0,33.0,0.0,clear,0,Fri
2025-09-06,96,6,49978.0,28.7,0.0,clear,0,Sat
2025-09-07,93,4,54899.0,30.6,0.0,clear,0,Sun
2025-09-08,36,6,16209.0,31.9,16.5,rain,0,Mon
2025-09-09,59,1,33422.0,26.7,0.0,clear,0,Tue
2025-09-10,53,3,28686.0,28.1,0.0,clear,0,Wed
2025-09-11,39,3,19251.0,29.6,13.7,rain,0,Thu
2025-09-12,74,3,38009.0,26.6,0.0,clear,0,Fri
2025-09-13,95,1,54695.0,29.6,0.0,clear,0,Sat
2025-09-14,79,0,52341.0,26.6,0.0,clear,0,Sun
2025-09-15,55,1,32723.0,28.7,0.0,clear,0,Mon
2025-09-16,57,3,26230.0,30.9,0.0,clear,0,Tue
2025-09-17,47,0,23386.0,26.9,0.0,clear,0,Wed
2025-09-18,51,1,25132.0,31.9,0.0,clear,0,Thu
2025-09-19,77,3,41797.0,29.9,0.0,clear,0,Fri
2025-09-20,96,2,55343.0,32.0,0.0,clear,0,Sat
2025-09-21,78,4,45757.0,26.8,0.0,clear,0,Sun
2025-09-22,51,1,27530.0,31.2,0.0,clear,0,Mon
2025-09-23,53,2,24925.0,27.0,0.0,clear,0,Tue
2025-09-24,46,1,25344.0,25.9,0.0,clear,0,Wed
2025-09-25,55,0,32628.0,29.5,0.0,clear,0,Thu
2025-09-26,69,3,36112.0,28.6,0.0,clear,0,Fri
2025-09-27,88,5,49184.0,29.5,0.0,clear,0,Sat
2025-09-28,77,1,42315.0,23.2,0.0,clear,0,Sun
2025-09-29,49,2,23935.0,25.7,0.0,clear,0,Mon
2025-09-30,59,2,34869.0,26.7,0.0,clear,0,Tue
2025-10-01,52,1,30688.0,25.1,0.0,clear,0,Wed
2025-10-02,49,1,24690.0,24.4,0.0,clear,1,Thu
2025-10-03,66,4,34964.0,28.8,0.0,clear,0,Fri
2025-10-04,101,3,56709.0,26.7,0.0,clear,0,Sat
2025-10-05,86,1,46373.0,27.1,0.0,clear,0,Sun
2025-10-06,54,3,27036.0,25.7,0.0,clear,0,Mon
2025-10-07,46,0,25791.0,28.3,0.0,clear,0,Tue
2025-10-08,32,3,15913.0,27.1,4.9,rain,0,Wed
2025-10-09,53,0,27332.0,27.4,0.0,clear,0,Thu
2025-10-10,68,0,37911.0,25.1,0.0,clear,0,Fri
2025-10-11,98,3,55019.0,27.3,0.0,clear,0,Sat
2025-10-12,88,4,50410.0,28.2,0.0,clear,0,Sun
2025-10-13,48,2,24443.0,24.5,0.0,clear,0,Mon
2025-10-14,37,0,21148.0,24.1,0.0,clear,0,Tue
2025-10-15,42,3,23948.0,26.1,0.0,clear,0,Wed
2025-10-16,54,2,28779.0,26.1,0.0,clear,0,Thu
2025-10-17,58,1,32031.0,21.9,0.0,clear,0,Fri
2025-10-18,98,6,56728.0,25.4,0.0,clear,0,Sat
2025-10-19,91,2,54399.0,30.0,0.0,clear,0,Sun
2025-10-20,56,2,31472.0,25.9,0.0,clear,1,Mon
2025-10-21,45,3,20795.0,20.3,0.0,clear,0,Tue
2025-10-22,49,0,25135.0,22.7,0.0,clear,0,Wed
2025-10-23,47,2,24088.0,23.3,0.0,clear,0,Thu
2025-10-24,60,2,33722.0,24.5,0.0,clear,0,Fri
2025-10-25,91,4,52122.0,21.9,0.0,clear,0,Sat
2025-10-26,58,7,28536.0,21.8,9.4,rain,0,Sun
2025-10-27,52,2,28181.0,22.6,0.0,clear,0,Mon
2025-10-28,46,2,21985.0,20.9,0.0,clear,0,Tue
2025-10-29,42,1,24944.0,20.2,0.0,clear,0,Wed
2025-10-30,50,3,27190.0,22.6,0.0,clear,0,Thu
2025-10-31,62,1,35817.0,18.9,0.0,clear,0,Fri
2025-11-01,93,5,52290.0,25.8,18.3,rain,1,Sat
2025-11-02,36,3,18831.0,17.6,0.0,clear,1,Sun
2025-11-03,27,2,13514.0,24.2,0.0,clear,1,Mon
2025-11-04,20,0,10176.0,24.6,35.5,heavy_rain,0,Tue
2025-11-05,48,1,27432.0,21.6,0.0,clear,0,Wed
2025-11-06,50,2,28285.0,21.1,0.0,clear,0,Thu
2025-11-07,57,2,27078.0,21.9,0.0,clear,0,Fri
2025-11-08,71,2,42007.0,21.0,0.0,clear,0,Sat
2025-11-09,81,2,46226.0,18.5,0.0,clear,0,Sun
2025-11-10,45,3,22346.0,20.7,0.0,clear,0,Mon
2025-11-11,41,2,20899.0,18.9,0.0,clear,0,Tue
2025-11-12,49,1,29091.0,20.7,0.0,clear,0,Wed
2025-11-13,45,0,28338.0,16.7,0.0,clear,0,Thu
2025-11-14,55,2,28731.0,20.5,0.0,clear,0,Fri
2025-11-15,89,1,55402.0,18.3,0.0,clear,0,Sat
2025-11-16,85,2,47398.0,19.2,0.0,clear,0,Sun
2025-11-17,43,1,21544.0,16.8,0.0,clear,0,Mon
2025-11-18,37,2,21655.0,18.9,0.0,clear,0,Tue
2025-11-19,42,1,22141.0,20.5,0.0,clear,0,Wed
2025-11-20,46,1,24141.0,21.0,0.0,clear,0,Thu
2025-11-21,51,1,28583.0,19.5,0.0,clear,0,Fri
2025-11-22,80,1,48168.0,15.7,0.0,clear,0,Sat
2025-11-23,54,1,28923.0,18.3,13.3,rain,0,Sun
2025-11-24,40,3,20402.0,16.0,0.0,clear,0,Mon
2025-11-25,49,1,27484.0,15.8,0.0,clear,0,Tue
2025-11-26,45,0,24992.0,14.2,0.0,clear,0,Wed
2025-11-27,48,1,27382.0,18.5,0.0,clear,0,Thu
2025-11-28,53,2,28975.0,17.3,0.0,clear,0,Fri
2025-11-29,89,1,51121.0,20.4,0.0,clear,0,Sat
2025-11-30,72,3,38891.0,17.8,0.0,clear,0,Sun
2025-12-01,42,2,19999.0,14.1,0.0,clear,0,Mon
2025-12-02,45,0,25941.0,22.5,0.0,clear,0,Tue
2025-12-03,44,3,23054.0,17.3,0.0,clear,0,Wed
2025-12-04,38,1,18902.0,16.4,0.0,clear,0,Thu
2025-12-05,54,3,30831.0,14.3,0.0,clear,0,Fri
2025-12-06,91,4,50105.0,20.2,0.0,clear,0,Sat
2025-12-07,74,4,40693.0,12.7,0.0,clear,0,Sun
2025-12-08,52,1,27683.0,15.7,0.0,clear,0,Mon
2025-12-09,46,0,24534.0,13.7,0.0,clear,0,Tue
2025-12-10,40,2,23503.0,17.4,0.0,clear,0,Wed
2025-12-11,47,2,25292.0,17.0,0.0,clear,0,Thu
2025-12-12,55,1,31774.0,13.9,0.0,clear,0,Fri
2025-12-13,84,4,42808.0,9.8,0.0,clear,0,Sat
2025-12-14,89,1,51611.0,15.4,0.0,clear,0,Sun
2025-12-15,40,2,19449.0,14.6,0.0,clear,0,Mon
2025-12-16,44,0,24795.0,17.1,0.0,clear,0,Tue
2025-12-17,32,1,17057.0,12.8,9.7,rain,0,Wed
2025-12-18,44,0,24090.0,14.5,0.0,clear,0,Thu
2025-12-19,39,4,21352.0,10.7,5.6,rain,0,Fri
2025-12-20,76,3,43581.0,15.3,0.0,clear,0,Sat
2025-12-21,70,6,42270.0,17.7,0.0,clear,0,Sun
2025-12-22,44,0,22948.0,13.5,0.0,clear,0,Mon
2025-12-23,42,0,24344.0,17.4,0.0,clear,0,Tue
2025-12-24,42,1,21693.0,13.2,0.0,clear,0,Wed
2025-12-25,35,1,20603.0,13.7,0.0,clear,1,Thu
2025-12-26,55,2,30626.0,11.8,0.0,clear,0,Fri
2025-12-27,81,3,51365.0,13.4,0.0,clear,0,Sat
2025-12-28,81,2,50563.0,12.4,0.0,clear,0,Sun
2025-12-29,52,3,25582.0,14.7,0.0,clear,0,Mon
2025-12-30,51,0,26630.0,15.0,0.0,clear,0,Tue
2025-12-31,44,1,22491.0,13.2,0.0,clear,1,Wed
